period,working_age_population,labor_force,employed,unemployed,vacancies,average_wage,median_wage,wage_p10,wage_p25,wage_p75,wage_p90,youth_labor_force,youth_employed,youth_unemployed,output,hours_worked,industry,region,occupation,source,source_date,note
2016,1000,710,674,36,28,5400,5000,3100,3900,6500,8200,142,128,14,8500,40,综合示例,教学地区,全部职业,教学示例数据（非现实统计）,2026-08-01,用于课堂练习
2017,1008,718,680,38,30,5580,5140,3180,4020,6740,8500,144,129,15,8750,40,综合示例,教学地区,全部职业,教学示例数据（非现实统计）,2026-08-01,用于课堂练习
2018,1016,727,687,40,33,5790,5310,3260,4150,7020,8890,146,130,16,9020,40,综合示例,教学地区,全部职业,教学示例数据（非现实统计）,2026-08-01,用于课堂练习
2019,1025,738,696,42,35,6020,5500,3360,4290,7310,9320,149,132,17,9350,40,综合示例,教学地区,全部职业,教学示例数据（非现实统计）,2026-08-01,用于课堂练习
2020,1031,731,672,59,24,5950,5420,3290,4210,7240,9250,147,124,23,9010,38,综合示例,教学地区,全部职业,教学示例数据（非现实统计）,2026-08-01,用于课堂练习
2021,1038,742,690,52,31,6180,5600,3400,4360,7540,9660,150,130,20,9460,39,综合示例,教学地区,全部职业,教学示例数据（非现实统计）,2026-08-01,用于课堂练习
2022,1046,754,707,47,38,6460,5820,3530,4550,7910,10180,153,136,17,9920,39,综合示例,教学地区,全部职业,教学示例数据（非现实统计）,2026-08-01,用于课堂练习
2023,1053,765,715,50,44,6810,6080,3680,4750,8360,10850,156,137,19,10360,39,综合示例,教学地区,全部职业,教学示例数据（非现实统计）,2026-08-01,用于课堂练习
2024,1061,779,728,51,49,7190,6380,3840,4980,8860,11540,159,139,20,10870,39,综合示例,教学地区,全部职业,教学示例数据（非现实统计）,2026-08-01,用于课堂练习
2025,1068,792,738,54,53,7560,6680,4010,5210,9320,12250,162,141,21,11340,39,综合示例,教学地区,全部职业,教学示例数据（非现实统计）,2026-08-01,用于课堂练习
